cancer_type_abbr,gene1,gene2,all.high_others_diff,all.high_others_pval.log.rank.5y,all.high_others_log2.HR.5y,two_factors_pval.log.rank.5y,all.high_all.low_log2.HR.5y,high.low_all.low_log2.HR.5y,low.high_all.low_log2.HR.5y
STAD,AADAC,CST4,1.58,6.14E-07,1.27,0.000598,1.461,0.756,0.706
STAD,AADAC,ITIH2,1.51,2.36E-06,1.16,0.00631,1.053,0.61,0.443
STAD,ABCA6,LCE2B,1.51,0.00582,1.4,0.00839,1.507,0.497,1.01
STAD,ABCA9,GH2,1.5,8.13E-06,1.35,9.66E-05,1.537,0.589,0.949
STAD,ABCB4,LCE2B,1.9,0.000688,1.79,0.00197,1.763,0.647,1.116
STAD,ABCB4,LCE2D,1.67,0.00086,1.52,0.00198,1.582,0.647,0.934
STAD,ABCG8,KCNN2,1.5,1.25E-05,1.11,0.00693,1.145,0.586,0.56
STAD,ACP7,GAMT,1.54,1.23E-06,1.18,0.00884,1.009,0.432,0.577
STAD,ACSM5,KRTAP2-3,1.56,1.40E-05,1.17,0.00472,1.208,0.569,0.639
STAD,ACSM5,LCE2B,1.51,0.0102,1.39,0.00981,1.516,0.473,1.043
STAD,ACSS3,LCE2B,1.57,0.011,1.48,0.00443,1.668,0.566,1.102
STAD,ACVR1,CRYGC,1.51,0.000152,1.1,0.0146,1.062,0.524,0.538
STAD,ACVR1,LCE2B,1.7,0.0255,1.56,0.00548,1.746,0.546,1.2
STAD,ACVR1,LCE2D,1.64,0.00852,1.42,0.00538,1.55,0.548,1.003
STAD,ADAM21,CGB5,1.58,5.39E-08,1.32,0.000302,1.414,0.542,0.872
STAD,ADAM21,KCTD1,1.52,8.49E-06,1.1,0.01,1.128,0.556,0.573
STAD,ADAM21,LCE2B,1.93,0.000988,1.74,0.00818,1.618,0.499,1.119
STAD,ADAM21,LCE2D,1.53,0.00288,1.31,0.0103,1.357,0.471,0.886
STAD,ADAM23,LCE2D,1.56,0.000151,1.48,0.00105,1.491,0.711,0.78
STAD,ADAM23,RND1,1.63,5.86E-08,1.37,0.000138,1.608,0.884,0.724
STAD,ADAMTS1,LCE2B,2.47,0.000523,2.1,0.00506,1.782,0.557,1.225
STAD,ADAMTS15,IL1A,1.55,2.19E-06,1.21,0.00149,1.349,0.636,0.713
STAD,ADAMTS15,LCE2D,1.55,0.00759,1.36,0.00448,1.537,0.567,0.971
STAD,ADCYAP1R1,GABRA3,1.54,3.70E-07,1.25,0.00137,1.27,0.593,0.677
STAD,ADCYAP1R1,LCE2B,1.63,0.00217,1.54,0.00464,1.592,0.564,1.028
STAD,ADCYAP1R1,PRR9,1.64,6.59E-07,1.34,0.000778,1.394,0.658,0.736
STAD,ADD2,LCE2B,1.61,0.00588,1.48,0.00862,1.556,0.491,1.066
STAD,ADH1B,ANGPTL4,1.57,2.75E-07,1.26,0.00154,1.286,0.586,0.7
STAD,ADH1B,PRR9,1.57,1.43E-05,1.26,0.000552,1.508,0.698,0.809
STAD,ADM,APCS,1.71,3.84E-05,1.48,0.00149,1.445,0.531,0.914
STAD,ADM,GH2,1.66,2.25E-06,1.46,0.000115,1.561,0.571,0.991
STAD,ADM,GRIN2A,1.53,9.82E-06,1.18,0.000673,1.535,0.722,0.813
STAD,ADM,LCE2B,1.91,0.00104,1.74,0.00671,1.618,0.518,1.1
STAD,ADM,LCE2D,1.52,0.00267,1.32,0.00859,1.355,0.489,0.866
STAD,ADRA1B,C8orf22,1.57,4.74E-06,1.22,0.00378,1.183,0.622,0.561
STAD,ADRA1B,KPNA7,1.52,4.61E-06,1.19,0.0014,1.349,0.685,0.664
STAD,ADRA1B,LCE2B,1.96,0.000103,1.82,0.00363,1.634,0.589,1.046
STAD,ADRA1B,LCE2D,1.64,0.000458,1.47,0.00383,1.451,0.583,0.868
STAD,ADRA1D,LCE2D,1.63,0.000672,1.43,0.00694,1.394,0.519,0.875
STAD,AK5,CRCT1,1.52,9.32E-06,1.16,0.00143,1.407,0.736,0.671
STAD,AK5,LCE2B,1.57,0.00319,1.49,0.0044,1.572,0.567,1.006
STAD,AK5,LCE2D,1.76,0.000508,1.57,0.00292,1.546,0.608,0.938
STAD,AKAP12,LCE2D,1.73,0.000524,1.64,0.000229,1.852,0.833,1.019
STAD,AKAP12,PRR9,1.52,7.35E-07,1.33,7.90E-05,1.58,0.847,0.733
STAD,AKAP4,EEF1A2,1.65,1.03E-06,1.23,0.00405,1.307,0.668,0.639
STAD,AKAP4,LCE2B,1.57,0.00236,1.46,0.00945,1.466,0.484,0.982
STAD,AKAP4,LCE2D,1.52,0.00181,1.32,0.00869,1.337,0.491,0.846
STAD,AKAP4,LIMD2,1.51,1.91E-05,1.11,0.00342,1.324,0.671,0.653
STAD,ALG10B,LCE2B,1.51,0.00397,1.39,0.0117,1.428,0.457,0.971
STAD,ANGPT2,APCS,1.62,2.62E-05,1.48,0.000314,1.597,0.69,0.906
STAD,ANGPT2,CACNA1I,1.56,3.74E-07,1.27,0.000703,1.392,0.745,0.647
STAD,ANGPT2,LCE2B,1.58,0.00401,1.54,0.00147,1.744,0.676,1.068
STAD,ANGPT2,LCE2D,1.5,0.00072,1.38,0.00223,1.449,0.643,0.807
STAD,ANGPT2,ST8SIA6,1.59,1.89E-07,1.34,5.73E-05,1.766,0.892,0.874
STAD,ANGPT2,VSTM2L,1.54,2.41E-07,1.29,0.000201,1.538,0.78,0.759
STAD,ANGPTL4,BBOX1,1.63,2.87E-07,1.28,0.00154,1.338,0.749,0.589
STAD,ANGPTL4,GH2,1.52,3.09E-06,1.41,3.23E-05,1.674,0.698,0.976
STAD,ANGPTL4,LCE2D,1.57,0.000988,1.44,0.00178,1.558,0.661,0.898
STAD,ANGPTL4,SHOX2,1.62,1.65E-08,1.35,0.00134,1.235,0.634,0.601
STAD,ANKDD1B,LBP,1.53,7.65E-06,1.12,0.0127,1.036,0.509,0.527
STAD,ANKDD1B,LCE2B,2,0.000699,1.79,0.00783,1.6,0.499,1.101
STAD,ANKRD33,C6,1.56,3.11E-06,1.19,0.00227,1.33,0.642,0.688
STAD,ANKRD33,C8orf22,1.57,5.97E-06,1.18,0.0115,1.019,0.502,0.517
STAD,ANKRD33,LCE2B,1.77,0.000632,1.63,0.00867,1.503,0.491,1.011
STAD,ANKRD33,LCE2D,1.55,0.000906,1.35,0.00983,1.304,0.478,0.826
STAD,ANKRD45,C1QTNF4,1.55,1.97E-06,1.16,0.011,1.017,0.463,0.554
STAD,ANKRD45,FBXO27,1.52,6.31E-06,1.11,0.0195,0.937,0.447,0.489
STAD,ANKRD45,FXYD2,1.62,1.14E-06,1.2,0.0103,1.082,0.521,0.561
STAD,ANKRD45,LRRN1,1.55,2.31E-06,1.16,0.0104,1.024,0.465,0.559
STAD,ANKRD45,PCDHA11,1.52,1.76E-07,1.28,0.000313,1.343,0.476,0.867
STAD,ANO4,LCE2B,1.52,0.00424,1.45,0.0047,1.548,0.559,0.989
STAD,APBB1IP,CRYGC,1.56,9.87E-05,1.15,0.0104,1.128,0.565,0.564
STAD,APBB1IP,LCE2B,3.75,2.50E-05,2.71,0.00319,1.946,0.619,1.327
STAD,APBB1IP,LCE2D,1.74,0.00153,1.51,0.00545,1.505,0.544,0.961
STAD,APCS,BBOX1,1.5,0.000318,1.28,0.00292,1.307,0.857,0.45
STAD,APCS,BRINP3,1.81,4.13E-06,1.55,0.00235,1.357,0.879,0.477
STAD,APCS,C21orf33,1.59,7.07E-05,1.4,0.00101,1.472,0.893,0.578
STAD,APCS,C5orf58,1.71,2.81E-05,1.47,0.00184,1.42,0.91,0.51
STAD,APCS,C8orf22,1.72,8.85E-06,1.5,0.00321,1.247,0.799,0.448
STAD,APCS,CALY,1.57,3.90E-05,1.36,0.00271,1.297,0.834,0.463
STAD,APCS,CCDC152,1.57,8.85E-05,1.35,0.00221,1.357,0.87,0.487
STAD,APCS,CDH19,1.53,0.000126,1.3,0.00329,1.278,0.842,0.436
STAD,APCS,CLDN11,1.59,8.57E-05,1.36,0.00283,1.322,0.866,0.456
STAD,APCS,CLDN6,1.81,1.56E-06,1.59,0.00131,1.413,0.863,0.55
STAD,APCS,CLDN9,1.97,1.72E-07,1.75,0.000431,1.565,0.905,0.66
STAD,APCS,CRCT1,1.88,1.44E-06,1.62,0.00171,1.409,0.892,0.516
STAD,APCS,CST5,1.67,7.15E-06,1.52,0.000548,1.496,0.859,0.636
STAD,APCS,CST6,1.94,5.13E-07,1.69,0.00114,1.457,0.894,0.563
STAD,APCS,CYP19A1,2.14,1.53E-07,1.8,0.00133,1.487,0.938,0.549
STAD,APCS,CYP26A1,1.83,6.78E-06,1.62,0.000508,1.599,0.952,0.647
STAD,APCS,DCLK3,1.79,1.42E-05,1.54,0.00158,1.444,0.916,0.528
STAD,APCS,FAM107A,1.54,0.000137,1.38,0.000668,1.518,0.901,0.617
STAD,APCS,FAM25A,1.64,0.000115,1.44,0.00104,1.467,0.897,0.57
STAD,APCS,FAM9A,1.71,3.83E-06,1.48,0.00517,1.156,0.771,0.385
STAD,APCS,GABRA3,1.52,2.80E-05,1.39,0.000692,1.439,0.818,0.621
STAD,APCS,GABRQ,1.53,3.21E-05,1.35,0.00171,1.346,0.821,0.525
STAD,APCS,GPIHBP1,1.55,8.31E-05,1.36,0.00149,1.391,0.858,0.533
STAD,APCS,GPRC6A,1.74,1.40E-06,1.59,0.000483,1.468,0.823,0.644
STAD,APCS,GPX3,1.59,0.000223,1.37,0.00159,1.445,0.919,0.526
STAD,APCS,HOXD11,1.62,1.38E-05,1.47,0.000643,1.47,0.848,0.622
STAD,APCS,HP,1.59,3.59E-05,1.41,0.00117,1.41,0.847,0.563
STAD,APCS,IGFBP1,1.63,2.08E-06,1.51,0.000418,1.469,0.801,0.668
STAD,APCS,ITIH4,1.51,1.79E-05,1.39,0.000657,1.421,0.795,0.625
STAD,APCS,ITIH5,1.55,0.000114,1.39,0.000639,1.524,0.903,0.621
STAD,APCS,KPNA7,1.55,7.33E-05,1.37,0.00128,1.408,0.857,0.551
STAD,APCS,KRTAP2-3,1.88,4.68E-07,1.64,0.00182,1.334,0.824,0.51
STAD,APCS,LBP,1.64,2.98E-05,1.42,0.00236,1.336,0.857,0.479
STAD,APCS,LCE2B,1.51,0.0229,1.59,0.00185,1.75,0.823,0.927
STAD,APCS,LCE2D,1.9,0.00024,1.83,0.00228,1.546,0.8,0.745
STAD,APCS,LGSN,1.61,1.11E-05,1.43,0.00162,1.337,0.811,0.526
STAD,APCS,LIMD2,1.62,4.40E-05,1.4,0.00215,1.364,0.875,0.489
STAD,APCS,MAGEA11,1.86,1.05E-06,1.61,0.00159,1.405,0.878,0.527
STAD,APCS,MAGEA3,2.11,4.40E-07,1.77,0.0015,1.48,0.945,0.536
STAD,APCS,MAGEL2,1.57,1.00E-04,1.37,0.00145,1.414,0.879,0.535
STAD,APCS,MAP7D2,1.54,0.000115,1.34,0.00171,1.38,0.861,0.519
STAD,APCS,MYL4,1.87,9.12E-08,1.74,0.000111,1.663,0.891,0.772
STAD,APCS,OLIG3,1.72,1.73E-05,1.51,0.00208,1.323,0.821,0.502
STAD,APCS,PADI3,1.55,1.23E-05,1.4,0.00125,1.352,0.791,0.561
STAD,APCS,PALM,1.56,0.000148,1.34,0.0022,1.362,0.876,0.486
STAD,APCS,PF4V1,1.69,5.29E-05,1.46,0.00146,1.465,0.927,0.538
STAD,APCS,PODNL1,1.56,0.00168,1.33,0.00119,1.557,0.991,0.566
STAD,APCS,PPM1E,1.54,2.74E-05,1.37,0.00149,1.355,0.815,0.54
STAD,APCS,PPP1R14A,1.51,0.00024,1.36,0.000501,1.539,0.898,0.641
STAD,APCS,PRR9,1.61,1.23E-05,1.47,0.00119,1.33,0.76,0.57
STAD,APCS,PRSS21,2.04,7.12E-06,1.73,0.000803,1.623,1.014,0.609
STAD,APCS,PWP2,1.52,1.33E-05,1.46,8.78E-05,1.66,0.858,0.802
STAD,APCS,RND1,1.5,0.00028,1.32,0.00109,1.459,0.892,0.567
STAD,APCS,RND2,1.55,5.00E-05,1.35,0.00222,1.316,0.827,0.489
STAD,APCS,RNF182,1.65,4.73E-05,1.41,0.00268,1.329,0.867,0.462
STAD,APCS,RTN4RL2,1.84,1.01E-06,1.61,0.00125,1.433,0.879,0.554
STAD,APCS,RXRG,1.68,2.26E-06,1.56,0.000261,1.543,0.84,0.703
STAD,APCS,S100A12,1.58,0.000302,1.35,0.002,1.404,0.907,0.498
STAD,APCS,SALL4,1.56,0.000119,1.34,0.00263,1.326,0.86,0.466
STAD,APCS,SPINK14,1.53,4.70E-05,1.35,0.00172,1.342,0.822,0.521
STAD,APCS,TEKT4,1.51,0.000454,1.31,0.00134,1.448,0.903,0.545
STAD,APCS,TF,1.61,4.63E-06,1.48,0.000534,1.457,0.815,0.642
STAD,APCS,TFPI2,1.5,6.76E-05,1.37,0.000524,1.496,0.855,0.641
STAD,APCS,TGFB2,1.67,1.06E-05,1.51,0.000466,1.55,0.895,0.655
STAD,APCS,TMSB15A,1.68,2.50E-05,1.52,0.000353,1.611,0.933,0.678
STAD,APCS,UPK1B,1.54,1.46E-05,1.46,0.000138,1.605,0.845,0.76
STAD,APCS,VTN,1.51,0.000279,1.29,0.00238,1.346,0.87,0.477
STAD,APOD,LCE2B,1.55,0.00906,1.51,0.00162,1.75,0.66,1.09
STAD,ARHGAP20,RND1,1.53,4.49E-06,1.18,0.00126,1.427,0.711,0.716
STAD,ART4,LCE2B,1.55,0.0117,1.46,0.00451,1.668,0.565,1.103
STAD,ART4,PRR9,1.61,1.69E-06,1.3,0.000926,1.384,0.641,0.743
STAD,ASGR2,C6,1.55,1.23E-06,1.17,0.00877,1.051,0.488,0.562
STAD,ASGR2,LCE2B,1.64,0.00159,1.51,0.0106,1.469,0.468,1
STAD,ASTN1,PASD1,1.56,2.50E-06,1.2,0.00718,1.067,0.541,0.526
STAD,ATP1B2,LCE2B,1.56,0.00772,1.53,0.00118,1.799,0.692,1.108
STAD,ATP8A2,C8orf22,1.61,2.60E-08,1.41,0.00011,1.438,0.91,0.528
STAD,ATP8A2,KCTD1,1.6,1.20E-08,1.39,2.43E-05,1.726,1.038,0.688
STAD,ATP8A2,LCE2D,1.59,8.56E-05,1.58,9.75E-05,1.725,0.893,0.832
STAD,AVPR1A,LCE2B,3.18,2.08E-05,2.5,0.00195,1.978,0.666,1.312
STAD,AVPR2,LCE2B,1.64,0.00308,1.59,0.00177,1.724,0.657,1.067
STAD,B4GALNT1,LCE2D,1.61,0.0014,1.4,0.00779,1.397,0.504,0.893
STAD,BASP1,LCE2B,2.61,8.44E-05,2.18,0.00499,1.765,0.558,1.207
STAD,BASP1,LCE2D,1.52,0.00989,1.31,0.006,1.491,0.533,0.958
STAD,BBOX1,C8orf22,1.58,1.38E-05,1.17,0.0129,1.028,0.487,0.541
STAD,BBOX1,LCE2B,1.77,0.00136,1.61,0.0107,1.5,0.462,1.038
STAD,BBOX1,MMP17,1.74,2.34E-07,1.29,0.0107,1.11,0.55,0.559
STAD,BBOX1,RGS1,1.6,2.02E-06,1.22,0.00173,1.395,0.647,0.747
STAD,BBOX1,UBE2QL1,1.54,4.83E-06,1.18,0.00193,1.333,0.604,0.729
STAD,BEX4,GPRC6A,1.51,7.43E-07,1.27,0.000153,1.554,0.767,0.787
STAD,BEX4,PRR9,1.58,1.80E-06,1.33,0.000223,1.547,0.77,0.777
STAD,BMPR1B,C8B,1.61,2.99E-08,1.38,9.84E-05,1.603,0.869,0.734
STAD,BMPR1B,PRR9,1.53,4.96E-07,1.33,0.000142,1.496,0.796,0.701
STAD,BMPR1B,RND1,1.57,2.98E-07,1.32,4.76E-05,1.782,0.971,0.811
STAD,BPIFC,DUSP1,1.5,5.70E-06,1.12,0.00714,1.121,0.596,0.525
STAD,BPIFC,UPK1B,1.6,3.53E-08,1.35,0.000238,1.46,0.627,0.833
STAD,BRINP1,GH2,1.66,4.48E-07,1.46,0.000205,1.444,0.508,0.936
STAD,BRINP2,C8orf22,1.55,3.96E-06,1.19,0.00844,1.033,0.538,0.494
STAD,BRINP3,C8orf22,1.58,8.78E-06,1.18,0.0129,1.024,0.488,0.536
STAD,BRINP3,FAM9A,1.51,4.92E-05,1.1,0.0171,0.983,0.478,0.505
STAD,C10orf107,LCE2B,1.51,0.0111,1.38,0.0106,1.507,0.463,1.043
STAD,C11orf70,C6,1.57,2.42E-06,1.18,0.00492,1.195,0.556,0.639
STAD,C11orf70,LCE2D,1.65,0.00123,1.42,0.01,1.36,0.471,0.889
STAD,C11orf70,OLIG3,1.71,9.34E-07,1.3,0.00908,1.086,0.503,0.583
STAD,C1QTNF2,LCE2D,1.6,0.00221,1.54,0.00015,1.89,0.861,1.029
STAD,C1QTNF4,CRHR1,1.51,2.03E-07,1.25,0.00158,1.184,0.506,0.678
STAD,C1QTNF4,IGFBP1,1.66,4.00E-08,1.38,0.000123,1.663,0.769,0.894
STAD,C21orf33,GH2,1.63,3.76E-07,1.46,0.000118,1.505,0.569,0.936
STAD,C21orf33,PRAMEF18,1.54,9.50E-06,1.17,0.00432,1.185,0.614,0.57
STAD,C21orf33,TTC29,1.59,5.90E-08,1.31,0.000791,1.334,0.608,0.726
STAD,C5AR1,LCE2B,1.85,0.00501,1.74,0.00206,1.856,0.652,1.205
STAD,C5orf58,CDH7,1.61,1.01E-06,1.18,0.0172,0.989,0.496,0.493
STAD,C5orf58,GH2,1.53,1.98E-05,1.33,0.000152,1.524,0.543,0.981
STAD,C5orf58,LCE2B,2.15,0.000108,1.9,0.00784,1.608,0.503,1.105
STAD,C5orf58,LCE2D,1.67,0.000986,1.44,0.00866,1.394,0.491,0.902
STAD,C5orf58,PRAMEF18,1.54,5.62E-06,1.13,0.0202,0.914,0.439,0.475
STAD,C6,GH2,1.58,1.40E-06,1.42,0.000122,1.5,0.565,0.935
STAD,C6,KRTAP2-3,1.5,1.92E-05,1.16,0.00178,1.333,0.669,0.664
STAD,C6,LCE2D,1.7,0.00033,1.51,0.00472,1.438,0.56,0.878
STAD,C6,RLN1,1.5,3.45E-06,1.16,0.00195,1.316,0.662,0.653
STAD,C6,SALL4,1.66,3.32E-07,1.27,0.00408,1.229,0.65,0.579
STAD,C6,SPANXB1,1.52,3.58E-05,1.2,0.00223,1.296,0.628,0.668
STAD,C8B,CST5,1.57,3.51E-07,1.29,0.000475,1.449,0.703,0.746
STAD,C8B,DGKG,1.53,1.04E-06,1.2,0.00247,1.236,0.647,0.589
STAD,C8B,LCE2B,1.51,0.00238,1.45,0.00454,1.524,0.569,0.955
STAD,C8B,LCE2D,1.67,0.000224,1.5,0.00394,1.419,0.581,0.839
STAD,C8B,RASD2,1.52,3.79E-06,1.16,0.00464,1.142,0.621,0.52
STAD,C8B,ZNF883,1.54,9.94E-09,1.4,1.82E-05,1.646,0.672,0.974
STAD,C8orf22,CACNA2D3,1.51,1.35E-06,1.26,0.000614,1.3,0.519,0.781
STAD,C8orf22,CCDC136,1.54,1.41E-05,1.15,0.00909,1.072,0.541,0.531
STAD,C8orf22,CRYGC,1.56,0.000184,1.16,0.0162,1.002,0.518,0.484
STAD,C8orf22,CSMD2,1.54,5.70E-07,1.28,0.000882,1.265,0.509,0.755
STAD,C8orf22,CST4,1.5,1.49E-05,1.15,0.00547,1.126,0.54,0.586
STAD,C8orf22,CYP26A1,1.53,1.62E-05,1.18,0.00337,1.213,0.576,0.636
STAD,C8orf22,GABRQ,1.53,6.11E-06,1.17,0.00672,1.091,0.523,0.568
STAD,C8orf22,GH2,1.51,1.46E-05,1.33,0.000391,1.3,0.427,0.873
STAD,C8orf22,GLP2R,1.52,1.76E-06,1.24,0.00131,1.221,0.501,0.72
STAD,C8orf22,IGFBP1,1.56,1.13E-06,1.27,0.00116,1.271,0.543,0.727
STAD,C8orf22,INAFM2,1.64,3.19E-06,1.26,0.00577,1.149,0.568,0.581
STAD,C8orf22,IQCJ,1.68,1.09E-06,1.42,0.000776,1.277,0.501,0.776
STAD,C8orf22,ITIH2,1.56,1.91E-05,1.15,0.0116,1.051,0.551,0.5
STAD,C8orf22,LCE2B,1.51,0.00911,1.41,0.00928,1.461,0.49,0.971
STAD,C8orf22,LCE2D,1.51,0.00656,1.32,0.00826,1.347,0.502,0.845
STAD,C8orf22,MYH4,1.56,3.07E-06,1.21,0.00613,1.083,0.509,0.574
STAD,C8orf22,NAALAD2,1.51,1.75E-05,1.12,0.0142,0.98,0.501,0.479
STAD,C8orf22,NKAIN3,1.74,8.57E-07,1.31,0.0101,1.09,0.572,0.518
STAD,C8orf22,PCDH9,1.51,2.32E-05,1.11,0.0174,0.96,0.51,0.451
STAD,C8orf22,PKD1L1,1.52,8.82E-06,1.17,0.00494,1.127,0.53,0.597
STAD,C8orf22,POU6F2,1.65,4.30E-07,1.33,0.00168,1.262,0.567,0.696
STAD,C8orf22,PRR9,1.86,3.12E-07,1.5,0.00166,1.298,0.589,0.709
STAD,C8orf22,RXRG,1.64,2.43E-07,1.35,0.00111,1.262,0.532,0.731
STAD,C8orf22,TF,1.54,1.70E-06,1.24,0.00231,1.173,0.505,0.668
STAD,C8orf22,WNT16,1.63,1.93E-06,1.23,0.0109,1.037,0.527,0.51
STAD,C8orf4,GH2,1.66,5.60E-06,1.46,8.16E-05,1.632,0.611,1.021
STAD,C8orf4,LCE2D,2.28,0.000777,1.9,0.00306,1.718,0.619,1.099
STAD,C8orf4,RGS2,1.51,1.33E-06,1.19,0.003,1.138,0.484,0.654
STAD,C8orf46,FAM9A,1.64,4.81E-06,1.24,0.00779,1.131,0.57,0.561
STAD,CA10,CGB3,1.51,2.62E-06,1.2,0.00075,1.37,0.59,0.78
STAD,CA10,CYP19A1,1.75,1.10E-07,1.32,0.00772,1.144,0.57,0.574
STAD,CA10,LCE2D,1.59,0.000412,1.38,0.0121,1.257,0.451,0.806
STAD,CA10,RTN4RL2,1.56,2.22E-06,1.18,0.00482,1.187,0.566,0.621
STAD,CACNA1I,LCE2D,1.51,0.000632,1.34,0.00721,1.307,0.519,0.788
STAD,CACNA2D3,PASD1,1.51,9.35E-07,1.26,0.00047,1.335,0.789,0.546
STAD,CALB2,HP,1.53,1.99E-06,1.18,0.00416,1.153,0.552,0.6
STAD,CALB2,LCE2D,1.82,0.000146,1.59,0.0056,1.437,0.541,0.896
STAD,CALD1,GABRA3,1.57,3.95E-07,1.27,0.000716,1.413,0.659,0.754
STAD,CALD1,SPANXB1,1.53,5.90E-05,1.2,0.00204,1.332,0.639,0.693
STAD,CALY,LCE2B,1.65,0.00238,1.53,0.00853,1.521,0.492,1.029
STAD,CAMK2A,LCE2D,1.71,0.000326,1.5,0.00637,1.391,0.524,0.867
STAD,CASKIN1,CGB5,1.59,1.42E-08,1.37,0.000211,1.434,0.582,0.853
STAD,CAV1,LCE2D,1.83,0.00106,1.64,0.0016,1.69,0.67,1.02
STAD,CAV1,SPANXB1,1.51,2.43E-05,1.21,0.0019,1.278,0.641,0.637
STAD,CAVIN1,LCE2B,1.69,0.00857,1.64,0.00102,1.902,0.709,1.193
STAD,CAVIN1,PASD1,1.51,6.62E-06,1.21,0.000959,1.368,0.739,0.628
STAD,CAVIN1,PRR9,1.61,5.07E-07,1.36,0.000296,1.483,0.743,0.74
STAD,CBLN4,KPNA7,1.63,3.62E-08,1.41,4.36E-05,1.7,0.958,0.742
STAD,CBLN4,LCE2B,1.54,0.0016,1.58,3.00E-04,1.805,0.807,0.998
STAD,CCBE1,LCE2B,1.68,0.00125,1.54,0.0115,1.467,0.457,1.01
STAD,CCDC136,OLIG3,1.56,1.36E-05,1.19,0.00603,1.145,0.553,0.592
STAD,CCDC152,GH2,1.59,1.37E-06,1.39,0.000289,1.378,0.465,0.913
STAD,CCDC152,LCE2B,1.54,0.0249,1.42,0.00617,1.674,0.531,1.143
STAD,CCDC152,PRR9,1.58,5.51E-06,1.25,0.0015,1.333,0.593,0.74
STAD,CCDC80,LCE2D,1.51,0.00576,1.33,0.0046,1.497,0.563,0.934
STAD,CD109,LCE2B,1.71,0.00353,1.68,0.000809,1.872,0.728,1.144
STAD,CD109,LCE2D,1.61,0.00101,1.5,0.000906,1.645,0.717,0.928
STAD,CD109,SPANXB1,1.53,1.70E-05,1.28,0.000405,1.486,0.782,0.704
STAD,CD300LG,LCE2B,1.65,0.000847,1.52,0.0125,1.413,0.448,0.965
STAD,CD300LG,LCN1,1.53,4.81E-06,1.16,0.0023,1.33,0.625,0.705
STAD,CD36,CRYGC,1.67,2.85E-05,1.25,0.00924,1.166,0.578,0.587
STAD,CD36,LCE2B,1.86,0.00633,1.7,0.00533,1.718,0.546,1.172
STAD,CD36,PRR9,1.5,5.91E-05,1.18,9.00E-04,1.439,0.649,0.79
STAD,CDH10,KRTAP2-3,1.55,6.70E-06,1.17,0.00617,1.121,0.537,0.584
STAD,CDH10,LCE2B,1.82,0.000873,1.67,0.00748,1.565,0.507,1.058
STAD,CDH19,LCE2D,1.64,0.00211,1.41,0.00888,1.398,0.486,0.912
STAD,CDH7,LCE2B,1.52,0.00559,1.4,0.0111,1.47,0.46,1.01
STAD,CDH7,LCE2D,1.68,0.00147,1.45,0.00807,1.418,0.497,0.921
STAD,CDK14,GABRA3,1.6,2.66E-08,1.36,0.000171,1.542,0.783,0.758
STAD,CDK14,RND1,1.68,3.93E-08,1.38,0.000209,1.616,0.863,0.754
STAD,CFH,LCE2B,1.63,0.0171,1.51,0.00487,1.72,0.56,1.16
STAD,CFHR1,GABRA3,1.53,1.43E-06,1.22,0.00153,1.279,0.581,0.698
STAD,CFHR1,KCTD1,1.53,6.67E-06,1.14,0.0056,1.191,0.615,0.577
STAD,CGB2,FGF5,1.5,2.80E-05,1.13,0.00912,1.056,0.534,0.522
STAD,CGB2,IQCJ,1.53,6.34E-06,1.29,0.00127,1.171,0.439,0.733
STAD,CGB2,ISLR,1.7,4.64E-06,1.28,0.00738,1.168,0.616,0.552
STAD,CGB2,ITGA11,1.64,2.19E-06,1.28,0.00357,1.23,0.601,0.63
STAD,CGB2,NCAM2,1.52,1.30E-05,1.16,0.00594,1.119,0.547,0.572
STAD,CGB5,IQCJ,1.63,9.89E-09,1.52,2.60E-05,1.606,0.822,0.784
STAD,CGB5,LCE2D,1.54,0.000351,1.5,0.000272,1.677,0.819,0.858
STAD,CGB5,PCDHB6,1.52,2.36E-08,1.38,4.32E-05,1.592,0.859,0.733
STAD,CGB5,POU6F2,1.55,1.07E-08,1.39,6.91E-05,1.529,0.845,0.684
STAD,CGB5,ZFP92,1.54,9.67E-08,1.3,0.000322,1.391,0.857,0.534
STAD,CGB8,NTN1,1.55,1.10E-06,1.26,0.000696,1.341,0.761,0.58
STAD,CHRFAM7A,FBN3,1.52,3.77E-06,1.16,0.00224,1.318,0.716,0.601
STAD,CHRFAM7A,GH2,1.59,6.98E-07,1.45,7.74E-05,1.549,0.611,0.938
STAD,CHRFAM7A,LCE2B,1.52,0.0117,1.46,0.00259,1.716,0.621,1.096
STAD,CHRFAM7A,PRDM14,1.52,5.45E-06,1.16,0.0025,1.286,0.697,0.589
STAD,CHRFAM7A,TFAP2B,1.52,4.92E-06,1.17,0.00228,1.281,0.684,0.596
STAD,CLCF1,LCE2B,1.55,0.0245,1.42,0.00737,1.642,0.508,1.134
STAD,CLDN11,GPRC6A,1.51,2.72E-06,1.18,0.00263,1.166,0.479,0.687
STAD,CLDN11,LCE2B,1.59,0.00668,1.46,0.0103,1.525,0.468,1.058
STAD,CLDN11,PRR9,1.53,4.82E-05,1.19,0.00135,1.386,0.61,0.776
STAD,CLDN6,GH2,1.56,4.67E-07,1.4,0.000338,1.308,0.453,0.855
STAD,CLDN6,LCE2B,1.53,0.00238,1.45,0.00653,1.491,0.529,0.963
STAD,CLDN9,GH2,1.52,1.71E-06,1.4,9.13E-05,1.495,0.6,0.895
STAD,CLGN,LBP,1.54,3.25E-07,1.23,0.00315,1.116,0.661,0.456
STAD,CLGN,PRR9,1.51,1.51E-06,1.28,0.000351,1.418,0.725,0.694
STAD,CLMP,GABRA3,1.63,2.18E-07,1.31,0.000508,1.494,0.696,0.798
STAD,CLMP,LCE2B,1.64,0.0288,1.53,0.00337,1.806,0.598,1.208
STAD,CLMP,PASD1,1.57,1.15E-05,1.2,0.00288,1.285,0.641,0.644
STAD,CNGB3,LCE2B,1.58,0.00366,1.47,0.00833,1.518,0.497,1.021
STAD,CNGB3,LCE2D,1.59,0.00101,1.39,0.0084,1.356,0.497,0.859
STAD,CNTN1,CRCT1,1.57,2.42E-07,1.27,0.00123,1.283,0.739,0.544
STAD,CNTN1,LCE2B,1.5,0.0103,1.49,0.000857,1.83,0.724,1.107
STAD,CNTNAP1,LCE2B,2,0.0027,1.85,0.00187,1.869,0.655,1.214
STAD,CNTNAP1,LCE2D,1.64,0.00202,1.48,0.00234,1.588,0.63,0.958
STAD,COL10A1,LCE2B,1.53,0.015,1.41,0.00805,1.593,0.499,1.094
STAD,COL24A1,CRHR1,1.58,6.67E-09,1.4,0.000171,1.423,0.724,0.699
STAD,COL24A1,FAM9A,1.6,7.31E-07,1.31,0.001,1.282,0.756,0.526
STAD,COLEC11,CRCT1,1.55,2.77E-06,1.17,0.00472,1.203,0.617,0.586
STAD,COLEC11,LCE2B,1.61,0.00159,1.51,0.00725,1.507,0.516,0.991
STAD,COLEC11,LCE2D,1.53,0.00211,1.35,0.00588,1.419,0.537,0.882
STAD,COLEC11,LCN1,1.6,4.94E-07,1.25,0.00152,1.365,0.665,0.7
STAD,COLEC11,NFE4,1.57,5.95E-07,1.22,0.00396,1.173,0.569,0.603
STAD,COLGALT2,LCE2D,1.69,0.000389,1.48,0.00678,1.407,0.522,0.885
STAD,COLGALT2,SPANXB1,1.62,1.23E-05,1.27,0.00268,1.311,0.616,0.695
STAD,CPA6,NLGN4Y,1.6,6.41E-08,1.33,0.000367,1.437,0.808,0.628
STAD,CPEB1,CRYGC,1.51,0.000107,1.09,0.0243,0.948,0.463,0.484
STAD,CPT1C,LCE2B,1.64,0.00211,1.55,0.00485,1.59,0.56,1.03
STAD,CPVL,FAM25A,1.55,1.61E-05,1.18,0.00139,1.436,0.706,0.731
STAD,CPVL,LCE2B,1.67,0.00737,1.55,0.00526,1.663,0.549,1.115
STAD,CRABP2,LCE2D,1.69,0.000291,1.46,0.0114,1.304,0.456,0.848
STAD,CRCT1,DCLK2,1.53,1.70E-06,1.22,0.000558,1.471,0.661,0.81
STAD,CRCT1,FAM181B,1.57,3.74E-06,1.16,0.0115,1.063,0.544,0.519
STAD,CRCT1,FAT3,1.73,7.79E-09,1.46,5.84E-05,1.71,0.73,0.979
STAD,CRCT1,GH2,1.64,7.00E-07,1.44,0.000231,1.416,0.491,0.925
STAD,CRCT1,GPIHBP1,1.55,3.67E-06,1.17,0.00373,1.24,0.6,0.64
STAD,CRCT1,GPR173,1.59,1.40E-07,1.33,0.000124,1.609,0.686,0.923
STAD,CRCT1,HSPB6,1.51,2.90E-05,1.1,0.00595,1.217,0.619,0.598
STAD,CRCT1,LCE2B,1.52,0.0095,1.41,0.00794,1.54,0.5,1.04
STAD,CRCT1,NACAD,1.5,2.13E-06,1.2,0.000873,1.357,0.588,0.769
STAD,CRCT1,NECAB1,1.53,4.02E-06,1.16,0.00305,1.258,0.599,0.659
STAD,CRCT1,NPAS3,1.58,5.40E-07,1.27,0.000607,1.44,0.638,0.801
STAD,CRCT1,NTNG1,1.58,5.32E-07,1.27,0.000567,1.451,0.642,0.809
STAD,CRCT1,RIMS2,1.53,3.18E-06,1.17,0.00306,1.233,0.576,0.658
STAD,CRCT1,SGCE,1.51,2.73E-06,1.16,0.00372,1.176,0.539,0.637
STAD,CRCT1,SNCG,1.51,1.80E-06,1.2,0.00175,1.24,0.537,0.704
STAD,CRMP1,LCE2B,1.65,0.00578,1.58,0.00198,1.78,0.65,1.13
STAD,CRMP1,MYL10,1.52,1.70E-06,1.17,0.00351,1.184,0.654,0.53
STAD,CRMP1,SPANXB1,1.5,7.12E-05,1.21,0.000721,1.478,0.741,0.737
STAD,CRTAC1,KCTD1,1.54,1.96E-06,1.2,0.0018,1.322,0.721,0.601
STAD,CRYGC,CXCR4,1.62,5.55E-06,1.32,0.000663,1.44,0.622,0.819
STAD,CRYGC,DKK1,1.74,1.25E-06,1.36,0.00424,1.211,0.557,0.654
STAD,CRYGC,ELOVL2,1.81,2.89E-06,1.39,0.00435,1.303,0.639,0.664
STAD,CRYGC,FN1,1.53,0.00052,1.12,0.00581,1.287,0.649,0.637
STAD,CRYGC,GGT5,1.56,9.14E-05,1.2,0.00271,1.346,0.639,0.707
STAD,CRYGC,KCNN2,1.52,0.000211,1.11,0.011,1.13,0.568,0.562
STAD,CRYGC,KLHL30,1.52,0.000128,1.12,0.0117,1.087,0.537,0.55
STAD,CRYGC,LCE2B,1.57,0.0217,1.45,0.0113,1.507,0.478,1.029
STAD,CRYGC,LCE2D,1.89,0.000607,1.63,0.0117,1.334,0.474,0.86
STAD,CRYGC,MATN3,1.58,7.42E-06,1.28,0.00107,1.334,0.561,0.773
STAD,CRYGC,NPAS3,1.51,1.34E-05,1.2,0.00286,1.169,0.481,0.688
STAD,CRYGC,PCDH7,1.53,5.65E-05,1.19,0.00326,1.238,0.562,0.676
STAD,CRYGC,PNMA8A,1.53,9.47E-05,1.15,0.00561,1.204,0.575,0.629
STAD,CRYGC,PRL,1.56,1.43E-05,1.23,0.00285,1.208,0.519,0.689
STAD,CRYGC,RARA,1.55,0.000101,1.17,0.00558,1.206,0.576,0.629
STAD,CRYGC,RGS1,1.52,0.000105,1.16,0.00376,1.264,0.594,0.67
STAD,CRYGC,SNCG,1.53,0.000115,1.21,0.00119,1.392,0.624,0.768
STAD,CRYGC,SPX,1.51,3.29E-05,1.16,0.00556,1.124,0.497,0.627
STAD,CRYGC,TMEM88,1.62,5.58E-05,1.24,0.00443,1.266,0.613,0.653
STAD,CRYGC,ZFPM2,1.59,1.04E-05,1.27,0.00155,1.32,0.575,0.745
STAD,CSMD2,LCE2D,1.52,0.000551,1.45,0.000627,1.6,0.752,0.848
STAD,CST2,LCE2B,1.67,0.00772,1.54,0.00711,1.616,0.512,1.104
STAD,CST2,LCE2D,1.56,0.00524,1.35,0.00713,1.437,0.512,0.925
STAD,CST2,MAP7D2,1.54,5.73E-06,1.15,0.0051,1.206,0.585,0.621
STAD,CST6,MBOAT4,1.53,3.80E-06,1.18,0.00174,1.345,0.668,0.677
STAD,CST6,NCAM2,1.53,2.32E-06,1.18,0.00374,1.189,0.59,0.598
STAD,CTXND1,LCN1,1.6,6.90E-08,1.33,0.000247,1.518,0.814,0.704
STAD,CXCR4,LCE2B,1.72,0.00633,1.7,0.000422,2.007,0.786,1.221
STAD,CYP19A1,MAP7D2,1.55,3.18E-06,1.16,0.00699,1.13,0.549,0.581
STAD,CYTL1,LCE2B,1.76,7.95E-05,1.84,3.99E-05,1.97,0.952,1.018
STAD,CYTL1,PASD1,1.56,9.03E-08,1.4,1.53E-05,1.693,1.034,0.659
STAD,CYTL1,SPANXB1,1.55,3.59E-07,1.42,1.32E-05,1.718,1.019,0.699
STAD,DAO,LCE2B,1.79,0.00233,1.63,0.0093,1.57,0.48,1.09
STAD,DAO,LCE2D,1.56,0.00227,1.34,0.0108,1.339,0.462,0.878
STAD,DAZ2,GH2,1.73,1.20E-06,1.55,0.000107,1.515,0.578,0.937
STAD,DAZ2,PAPPA,1.51,5.80E-06,1.21,0.00151,1.251,0.595,0.657
STAD,DAZ2,TNMD,1.5,3.45E-06,1.21,0.00147,1.253,0.588,0.665
STAD,DCBLD2,TDO2,1.56,1.87E-07,1.25,0.0013,1.318,0.767,0.551
STAD,DCLK2,LCE2B,1.55,0.0288,1.53,0.000726,1.98,0.74,1.24
STAD,DCLK2,LCE2D,1.61,0.00315,1.49,0.000789,1.739,0.732,1.007
STAD,DCLK3,LCE2B,1.51,0.00612,1.39,0.00972,1.488,0.478,1.01
STAD,DCLK3,LCE2D,1.67,0.000219,1.45,0.0108,1.294,0.466,0.828
STAD,DCN,LCE2B,1.78,0.00239,1.62,0.00882,1.574,0.487,1.087
STAD,DCN,LCE2D,1.57,0.00788,1.35,0.00698,1.48,0.516,0.964
STAD,DDIT4L,LCE2D,1.89,3.90E-05,1.71,0.00142,1.605,0.682,0.924
STAD,DDO,IL1RL1,1.5,1.67E-06,1.19,0.00142,1.287,0.718,0.569
STAD,DDO,PF4V1,1.51,1.84E-06,1.19,0.00105,1.359,0.755,0.603
STAD,DDR2,LCE2B,1.93,0.0027,1.85,0.000616,1.986,0.753,1.233
STAD,DGKB,LCE2B,1.86,0.000651,1.7,0.00732,1.566,0.509,1.058
STAD,DGKB,LCE2D,1.52,0.00402,1.32,0.00718,1.404,0.511,0.893
STAD,DGKI,FAM9A,1.66,1.39E-06,1.32,0.00168,1.32,0.72,0.6
STAD,DGKI,PASD1,1.6,1.10E-06,1.28,0.00155,1.288,0.693,0.595
STAD,DIRC1,LCE2D,1.65,0.000501,1.51,0.0018,1.547,0.655,0.893
STAD,DIRC1,NKAIN4,1.55,2.20E-07,1.26,0.00152,1.237,0.652,0.585
STAD,DIRC1,PAPPA2,1.5,1.95E-06,1.18,0.00205,1.234,0.681,0.552
STAD,DIRC1,SPANXB1,1.51,4.04E-05,1.23,0.000721,1.429,0.732,0.697
STAD,DKK1,FHL5,1.59,3.23E-08,1.36,8.35E-05,1.622,0.742,0.88
STAD,DMD,PRAMEF18,1.57,1.48E-05,1.16,0.00845,1.115,0.542,0.573
STAD,DNAJC12,GABRA3,1.53,1.07E-06,1.22,0.00121,1.328,0.604,0.724
STAD,DNAJC12,KCTD1,1.52,6.92E-06,1.13,0.00463,1.237,0.634,0.603
STAD,DNAJC12,LCE2B,1.67,0.00683,1.56,0.00505,1.666,0.551,1.114
STAD,DNAJC12,LCE2D,1.77,0.000413,1.55,0.0056,1.451,0.54,0.911
STAD,DNAJC12,PASD1,1.58,6.07E-06,1.21,0.00388,1.227,0.608,0.619
STAD,DNAJC12,SPANXB1,1.54,3.04E-05,1.2,0.00359,1.226,0.577,0.649
STAD,DOCK3,LCE2D,2.07,7.30E-06,1.8,0.00401,1.48,0.577,0.903
STAD,DOCK3,PASD1,1.63,5.54E-07,1.27,0.00505,1.121,0.576,0.545
STAD,DPT,LCE2B,2.55,0.0011,2.2,0.00133,2.02,0.7,1.32
STAD,DPY19L2,LCE2B,1.99,0.00154,1.8,0.00493,1.712,0.556,1.156
STAD,DPYSL4,LCE2B,1.88,0.000445,1.74,0.00458,1.642,0.565,1.077
STAD,DPYSL4,LCE2D,1.53,0.00316,1.35,0.00438,1.482,0.57,0.913
STAD,DUSP1,GABRA3,1.5,4.22E-06,1.17,0.000972,1.423,0.636,0.787
STAD,DUSP1,LCE2B,1.95,0.00458,1.76,0.0061,1.727,0.536,1.191
STAD,DUSP1,MYL10,1.57,3.66E-06,1.15,0.00993,1.113,0.55,0.563
STAD,DYNC1I1,FAM9A,1.56,1.00E-06,1.31,0.000289,1.43,0.855,0.575
STAD,DYNC1I1,PASD1,1.53,7.04E-07,1.29,0.000284,1.398,0.831,0.567
STAD,DZIP1L,FAM9A,1.53,4.48E-05,1.14,0.00481,1.236,0.628,0.607
STAD,DZIP1L,GABRA3,1.53,9.14E-07,1.22,0.000802,1.412,0.652,0.759
STAD,DZIP1L,MYL10,1.61,5.52E-07,1.21,0.0112,1.029,0.537,0.493
STAD,DZIP1L,PRR9,1.74,2.04E-06,1.41,0.000195,1.75,0.822,0.928
STAD,DZIP1L,SPANXB1,1.68,3.56E-06,1.33,0.0023,1.335,0.633,0.701
STAD,EBF2,LCE2B,1.74,0.00152,1.68,0.00143,1.783,0.679,1.104
STAD,EBF2,LCE2D,1.58,0.000556,1.45,0.0019,1.516,0.654,0.862
STAD,EBF2,ONECUT1,1.55,3.32E-07,1.26,0.00081,1.373,0.73,0.643
STAD,EEF1A2,LCE2B,1.76,0.00139,1.6,0.0099,1.53,0.476,1.054
STAD,EHD3,GPRC6A,1.56,6.91E-07,1.26,0.000948,1.329,0.596,0.734
STAD,ELOVL2,LCE2B,1.55,0.0118,1.46,0.00458,1.664,0.563,1.101
STAD,ELOVL2,MYL10,1.54,3.42E-06,1.15,0.00701,1.12,0.585,0.535
STAD,EPM2A,GABRA3,1.53,1.27E-06,1.21,0.0021,1.237,0.546,0.691
STAD,EPM2A,SPANXB1,1.56,3.67E-05,1.21,0.00396,1.23,0.57,0.66
STAD,ERBB4,LCE2B,1.53,0.00228,1.46,0.00528,1.517,0.552,0.965
STAD,EYA1,LCE2B,1.51,0.0146,1.42,0.0048,1.657,0.559,1.097
STAD,EYA4,LCE2B,1.73,0.00605,1.71,0.000464,1.986,0.775,1.211
STAD,F13A1,FAM25A,1.57,5.42E-06,1.21,0.00121,1.445,0.714,0.731
STAD,F13A1,LCE2B,1.88,0.0126,1.73,0.00315,1.85,0.61,1.24
STAD,F13A1,LCE2D,1.86,0.0046,1.62,0.00249,1.723,0.638,1.085
STAD,F5,LCE2B,1.86,0.0029,1.71,0.00468,1.702,0.561,1.141
STAD,FABP4,FAM9A,1.53,5.92E-05,1.17,0.00225,1.33,0.697,0.633
STAD,FABP4,GABRA3,1.57,3.09E-07,1.29,0.000503,1.44,0.689,0.752
STAD,FABP4,GH2,1.5,1.88E-05,1.36,5.76E-05,1.619,0.639,0.98
STAD,FABP4,PASD1,1.87,1.95E-08,1.48,0.0018,1.326,0.684,0.643
STAD,FABP4,PRR9,1.64,1.72E-06,1.35,0.000476,1.473,0.704,0.769
STAD,FAM129A,GABRA3,1.55,1.76E-06,1.21,0.00119,1.371,0.611,0.761
STAD,FAM129A,LCE2D,1.93,0.00203,1.65,0.00461,1.604,0.568,1.036
STAD,FAM129A,PASD1,1.53,2.56E-05,1.13,0.00592,1.172,0.562,0.61
STAD,FAM180A,LCE2D,1.67,0.000426,1.53,0.00153,1.582,0.673,0.909
STAD,FAM181B,LCE2B,1.79,0.00221,1.63,0.00856,1.576,0.491,1.086
STAD,FAM181B,LCE2D,1.65,0.00176,1.43,0.00832,1.411,0.494,0.917
STAD,FAM19A3,KPNA7,1.53,4.45E-06,1.18,0.00234,1.269,0.63,0.639
STAD,FAM19A3,LCE2B,1.79,0.000873,1.67,0.00491,1.6,0.554,1.045
STAD,FAM216B,LCE2B,1.89,0.000688,1.79,0.00169,1.783,0.662,1.12
STAD,FAM9A,FGF5,1.6,8.59E-06,1.2,0.00938,1.08,0.533,0.547
STAD,FAM9A,GPIHBP1,1.51,0.000121,1.14,0.00294,1.328,0.649,0.678
STAD,FAM9A,MAPK10,1.51,9.60E-05,1.11,0.00762,1.149,0.575,0.573
STAD,FAM9A,NTN1,1.63,1.78E-05,1.23,0.00489,1.242,0.617,0.625
STAD,FAM9A,PCDHB5,1.51,2.89E-05,1.15,0.00549,1.132,0.526,0.605
STAD,FAM9A,PCDHGA3,1.5,6.21E-05,1.12,0.00702,1.139,0.557,0.582
STAD,FAM9A,PCDHGA4,1.52,4.19E-05,1.15,0.00416,1.216,0.581,0.635
STAD,FAM9A,PCDHGA7,1.62,3.67E-06,1.22,0.00985,1.072,0.526,0.546
STAD,FAM9A,PRKD1,1.52,9.49E-06,1.22,0.000801,1.389,0.607,0.781
STAD,FAM9A,PWP2,1.6,1.89E-07,1.35,0.00038,1.39,0.55,0.84
STAD,FAM9A,RGS4,1.72,2.93E-06,1.31,0.00414,1.264,0.621,0.642
STAD,FAM9A,RIMS2,1.56,5.81E-06,1.2,0.0063,1.092,0.5,0.593
STAD,FAM9A,SLITRK2,1.52,3.41E-05,1.15,0.00466,1.206,0.581,0.626
STAD,FAM9A,UBE2QL1,1.63,2.30E-06,1.28,0.00258,1.261,0.582,0.679
STAD,FAT3,NFE4,1.5,2.50E-07,1.29,9.89E-05,1.553,0.883,0.67
STAD,FBLN5,LCE2B,2.78,0.000116,2.3,0.00271,1.889,0.625,1.264
STAD,FBLN5,LCE2D,1.63,0.00747,1.44,0.00308,1.621,0.607,1.014
STAD,FBLN5,MYL10,1.51,4.64E-06,1.13,0.00871,1.07,0.56,0.51
STAD,FERMT2,LCE2D,1.6,0.0033,1.41,0.00419,1.519,0.572,0.947
STAD,FGF14,KCTD1,1.67,6.92E-08,1.35,0.000409,1.528,0.851,0.677
STAD,FGF5,LCE2D,2.09,1.32E-05,1.79,0.00556,1.464,0.54,0.924
STAD,FGF7,LCE2B,4.49,2.06E-06,2.99,0.00198,2.04,0.67,1.37
STAD,FGG,LCE2B,1.53,0.00236,1.46,0.00474,1.522,0.565,0.958
STAD,FGG,PRR9,1.51,3.55E-06,1.23,0.00137,1.252,0.597,0.655
STAD,FGG,PRSS21,1.5,6.48E-06,1.14,0.00361,1.205,0.649,0.556
STAD,FGL1,LCE2B,1.79,0.00114,1.73,0.00121,1.801,0.693,1.109
STAD,FGL1,SHISA2,1.56,2.17E-07,1.26,0.00133,1.274,0.701,0.573
STAD,FHL5,LCE2B,1.52,0.0146,1.54,0.000329,1.992,0.804,1.189
STAD,FHL5,LCE2D,1.67,0.00331,1.58,0.000219,1.925,0.842,1.083
STAD,FLRT2,MYL10,1.5,1.03E-06,1.19,0.00237,1.186,0.691,0.494
STAD,FMO1,LCE2B,1.66,0.000573,1.63,0.0015,1.669,0.677,0.992
STAD,FMO1,LCE2D,1.51,0.00132,1.4,0.00123,1.571,0.692,0.879
STAD,FMO1,OLIG3,1.54,4.20E-06,1.26,0.000708,1.39,0.757,0.634
STAD,FN1,LCE2D,1.54,0.00542,1.34,0.00626,1.46,0.527,0.933
STAD,FOLR3,HTR2B,1.55,2.08E-06,1.23,0.00085,1.42,0.705,0.715
STAD,FOXS1,LCE2B,1.66,0.00353,1.56,0.00453,1.628,0.563,1.065
STAD,FRMPD3,LCE2D,1.53,0.00276,1.32,0.00951,1.355,0.48,0.875
STAD,FXYD2,LCE2B,1.71,0.0016,1.58,0.00736,1.551,0.509,1.042
STAD,FXYD2,LCE2D,1.7,0.000643,1.48,0.00651,1.425,0.523,0.902
STAD,FZD7,LCE2D,1.64,0.000736,1.47,0.00356,1.484,0.59,0.894
STAD,GABRA3,INAFM2,1.53,7.84E-07,1.23,0.0019,1.23,0.673,0.557
STAD,GABRA3,KCND2,1.54,1.74E-07,1.31,0.000121,1.576,0.769,0.807
STAD,GABRA3,MEOX2,1.6,3.26E-07,1.29,0.000661,1.447,0.776,0.67
STAD,GABRA3,MRGPRF,1.5,5.22E-06,1.18,0.000863,1.422,0.777,0.645
STAD,GABRA3,NCAM2,1.53,5.56E-07,1.24,0.000828,1.376,0.733,0.643
STAD,GABRA3,NUDT10,1.61,4.55E-08,1.34,0.000647,1.351,0.687,0.663
STAD,GABRA3,NUDT11,1.57,2.56E-08,1.34,0.000577,1.317,0.641,0.675
STAD,GABRA3,PRKD1,1.63,1.21E-08,1.4,0.000114,1.59,0.774,0.815
STAD,GABRA3,SNCA,1.52,1.60E-07,1.29,0.000249,1.468,0.718,0.75
STAD,GABRA3,THSD7A,1.58,5.63E-07,1.27,0.000524,1.485,0.792,0.693
STAD,GALNT13,TDO2,1.52,5.72E-07,1.23,0.000627,1.354,0.813,0.542
STAD,GALNT15,GH2,1.54,7.73E-06,1.37,9.54E-05,1.571,0.594,0.977
STAD,GAMT,LCE2B,1.55,0.0182,1.49,0.00209,1.79,0.641,1.15
STAD,GAMT,SALL4,1.66,2.22E-07,1.29,0.00421,1.169,0.643,0.525
STAD,GDF7,LCE2B,1.66,0.00261,1.52,0.0105,1.502,0.467,1.035
STAD,GFAP,LCE2D,1.64,0.000721,1.43,0.00762,1.375,0.508,0.867
STAD,GFRA1,LCE2B,1.98,0.0251,1.78,0.00461,1.85,0.574,1.276
STAD,GFRA2,LCE2D,1.73,0.000379,1.61,0.000617,1.71,0.75,0.96
STAD,GGT5,LCE2B,1.71,0.0099,1.62,0.00218,1.828,0.642,1.186
STAD,GGT5,LCE2D,1.84,0.00105,1.64,0.00182,1.691,0.662,1.029
STAD,GGT5,PASD1,1.53,1.36E-05,1.19,0.00152,1.363,0.704,0.658
STAD,GH2,HP,1.59,2.19E-07,1.44,0.000209,1.383,0.873,0.51
STAD,GH2,IL1RL1,1.5,1.25E-05,1.32,0.000174,1.47,0.945,0.525
STAD,GH2,INAFM2,1.6,1.93E-06,1.43,0.000117,1.522,0.955,0.567
STAD,GH2,KLHL30,1.54,1.98E-06,1.36,0.000341,1.334,0.888,0.446
STAD,GH2,MAP2,1.5,6.45E-06,1.33,0.000185,1.444,0.925,0.519
STAD,GH2,NFE4,1.88,4.57E-09,1.67,8.38E-05,1.567,0.962,0.605
STAD,GH2,NTN1,1.52,3.20E-05,1.34,8.98E-05,1.595,0.997,0.598
STAD,GH2,OR2W3,1.55,2.04E-06,1.4,0.000122,1.482,0.918,0.563
STAD,GH2,PRL,1.54,5.52E-07,1.43,7.72E-05,1.499,0.882,0.618
STAD,GH2,PSAPL1,1.51,1.17E-05,1.31,0.000272,1.399,0.929,0.47
STAD,GH2,SLC7A2,1.55,5.87E-06,1.37,0.000158,1.484,0.949,0.535
STAD,GH2,SORCS2,1.52,1.70E-06,1.43,2.41E-05,1.683,0.959,0.724
STAD,GH2,SPANXB1,1.55,4.38E-06,1.41,0.000425,1.272,0.837,0.435
STAD,GH2,SPINK14,1.63,3.12E-07,1.46,0.000154,1.45,0.912,0.538
STAD,GH2,TDO2,1.61,1.03E-05,1.4,0.000122,1.58,1.01,0.57
STAD,GH2,TFPI,1.68,1.97E-07,1.51,0.00011,1.515,0.937,0.578
STAD,GH2,ZNF229,1.57,1.25E-06,1.37,0.000402,1.313,0.89,0.423
STAD,GLP2R,LCE2D,1.63,0.000442,1.53,0.000686,1.637,0.739,0.898
STAD,GLP2R,RND1,1.53,3.87E-07,1.27,0.000187,1.557,0.855,0.702
STAD,GLYATL2,LCE2D,1.5,0.0037,1.34,0.00353,1.498,0.593,0.906
STAD,GPIHBP1,LCE2D,1.66,0.00219,1.47,0.00385,1.531,0.581,0.95
STAD,GPIHBP1,SPANXB1,1.77,7.91E-07,1.41,0.00243,1.296,0.621,0.675
STAD,GPNMB,LCE2B,2.04,0.00794,1.82,0.00492,1.809,0.564,1.245
STAD,GPR135,LCE2D,1.56,0.00156,1.34,0.0111,1.32,0.461,0.859
STAD,GPR173,LCE2B,1.94,0.00549,1.9,0.000157,2.18,0.863,1.316
STAD,GPR173,LCE2D,1.52,0.00138,1.46,0.000331,1.717,0.798,0.919
STAD,GPRC6A,LCE2B,1.52,0.0058,1.49,0.0015,1.674,0.666,1.009
STAD,GPRC6A,LRAT,1.64,1.98E-08,1.38,0.000728,1.287,0.661,0.626
STAD,GPRC6A,SCTR,1.55,1.81E-07,1.29,0.00064,1.318,0.688,0.63
STAD,GRASP,LCE2B,4.31,1.90E-06,3,0.00037,2.234,0.814,1.419
STAD,GRB14,LCE2B,1.54,0.00313,1.49,0.00296,1.616,0.612,1.005
STAD,GRIN2A,LCE2D,1.71,0.000393,1.54,0.00247,1.534,0.626,0.908
STAD,GRIN2A,STC1,1.51,1.35E-06,1.19,0.0026,1.208,0.637,0.571
STAD,GRP,MEI4,1.5,6.99E-07,1.21,0.00178,1.181,0.468,0.713
STAD,GSTM5,LCE2B,2.39,0.000683,2.07,0.00359,1.82,0.593,1.227
STAD,GSTM5,LCE2D,1.62,0.00516,1.42,0.00442,1.537,0.567,0.97
STAD,GSTM5,PASD1,1.56,1.53E-05,1.18,0.00379,1.235,0.61,0.625
STAD,GSTM5,PRR9,1.63,6.42E-06,1.31,0.000607,1.497,0.69,0.808
STAD,GSTM5,RND1,1.56,4.42E-06,1.19,0.00181,1.374,0.674,0.7
STAD,GSTM5,SPANXB1,1.62,2.40E-05,1.27,0.00257,1.311,0.617,0.694
STAD,HAS2,LCE2B,1.74,0.00429,1.64,0.00322,1.74,0.6,1.14
STAD,HAVCR1,PRR9,1.52,3.16E-06,1.24,0.00101,1.32,0.63,0.69
STAD,HOXC5,LCE2B,1.56,0.0109,1.48,0.00323,1.68,0.597,1.083
STAD,HOXD11,NT5E,1.51,6.05E-07,1.26,0.000192,1.55,0.764,0.787
STAD,HOXD11,PCDH7,1.54,1.84E-06,1.27,0.000151,1.652,0.833,0.819
STAD,HP,IQCJ,1.58,1.17E-06,1.36,0.00024,1.451,0.624,0.827
STAD,HP,LCE2B,1.53,0.00228,1.46,0.00516,1.517,0.555,0.962
STAD,HRH2,LCE2B,1.91,0.000515,1.73,0.00799,1.57,0.5,1.07
STAD,HSPB2,LCE2B,1.63,0.0128,1.56,0.00185,1.821,0.653,1.168
STAD,HSPB2,LCE2D,1.51,0.00728,1.36,0.00188,1.624,0.652,0.972
STAD,HSPB6,SPANXB1,1.54,8.52E-05,1.18,0.00452,1.228,0.556,0.672
STAD,HTR2A,LCE2B,1.65,0.0149,1.53,0.00511,1.711,0.552,1.159
STAD,HTR2A,LCE2D,1.52,0.00626,1.32,0.00596,1.466,0.534,0.932
STAD,HTR2A,ONECUT1,1.52,2.65E-06,1.16,0.0049,1.159,0.552,0.607
STAD,HTR2A,SPANXB1,1.6,2.85E-05,1.25,0.0026,1.329,0.619,0.71
STAD,HTR2B,LCE2B,3.1,0.000146,2.48,0.00138,2.019,0.693,1.326
STAD,HTR2B,LCE2D,2.59,0.000459,2.13,0.001,1.908,0.732,1.176
STAD,HTR2B,PADI3,1.64,2.19E-07,1.33,0.000311,1.57,0.773,0.797
STAD,HTR2B,PASD1,1.51,4.12E-05,1.17,0.00105,1.435,0.737,0.697
STAD,HTR7,KCTD1,1.55,2.97E-06,1.17,0.00335,1.298,0.673,0.625
STAD,HTR7,LCE2B,1.57,0.00347,1.48,0.00596,1.565,0.539,1.027
STAD,IGFBP1,MBOAT4,1.63,3.42E-08,1.35,0.000398,1.438,0.787,0.651
STAD,IGSF21,LCE2D,1.59,0.00453,1.44,0.00182,1.654,0.658,0.996
STAD,IL1A,OLFML2B,1.5,5.87E-07,1.28,5.72E-05,1.695,0.787,0.909
STAD,IL1RAPL1,LCE2D,1.55,0.00156,1.39,0.00361,1.461,0.588,0.873
STAD,INAFM2,LCE2B,1.53,0.00425,1.44,0.00668,1.526,0.522,1.004
STAD,INAFM2,LCE2D,1.71,0.000297,1.51,0.00593,1.407,0.534,0.873
STAD,INAFM2,PRR9,1.58,3.64E-06,1.27,0.00133,1.309,0.601,0.709
STAD,INAFM2,SPANXB1,1.63,1.10E-05,1.29,0.00271,1.28,0.609,0.67
STAD,INHBA,LCE2B,1.54,0.00865,1.41,0.0102,1.525,0.469,1.056
STAD,INMT,RND1,1.5,1.16E-05,1.14,0.00185,1.374,0.672,0.702
STAD,IQCJ,LCE2D,1.5,0.000635,1.44,0.0012,1.388,0.722,0.666
STAD,IQCJ,NKX2-3,1.52,9.04E-06,1.26,0.000522,1.363,0.82,0.543
STAD,IQCJ,PRSS21,1.61,5.40E-06,1.34,0.000281,1.502,0.888,0.614
STAD,IQCJ,TMEM45A,1.52,4.12E-06,1.29,0.00032,1.422,0.825,0.596
STAD,ISLR,LCE2B,1.72,0.0252,1.57,0.00633,1.726,0.529,1.197
STAD,ISLR,LCE2D,1.68,0.00404,1.45,0.00695,1.491,0.517,0.974
STAD,ISLR2,RND1,1.58,4.55E-06,1.19,0.00286,1.331,0.634,0.696
STAD,ITIH2,LCE2B,1.56,0.0028,1.43,0.013,1.42,0.44,0.98
STAD,ITIH4,LCE2B,1.71,0.00186,1.66,0.00128,1.769,0.686,1.083
STAD,JAM2,LCE2B,2.21,0.00108,2,0.00145,1.91,0.68,1.23
STAD,JAM3,SPANXB1,1.54,1.97E-05,1.29,0.000223,1.588,0.834,0.754
STAD,JCAD,LCE2B,2.12,0.000324,1.89,0.00574,1.671,0.538,1.133
STAD,JCAD,PASD1,1.66,2.05E-06,1.26,0.00467,1.213,0.591,0.621
STAD,KCND2,LCE2B,2.48,6.95E-05,2.21,0.000551,2.008,0.763,1.245
STAD,KCNE4,LCE2B,1.58,0.0114,1.46,0.00736,1.612,0.509,1.103
STAD,KCNE4,PASD1,1.57,1.48E-05,1.18,0.0043,1.25,0.602,0.647
STAD,KCNIP1,LCE2B,1.6,0.00588,1.48,0.00787,1.561,0.501,1.06
STAD,KCNIP1,PASD1,1.67,1.11E-06,1.27,0.00623,1.148,0.556,0.593
STAD,KCNIP1,PRR9,1.51,1.88E-05,1.19,0.0016,1.31,0.583,0.727
STAD,KCNIP1,SPANXB1,1.51,0.000145,1.16,0.00326,1.285,0.593,0.692
STAD,KCNN2,KPNA7,1.67,1.13E-06,1.28,0.0016,1.433,0.689,0.744
STAD,KCNN2,LCE2B,1.8,0.00198,1.65,0.00728,1.607,0.513,1.094
STAD,KCNQ3,LCE2D,1.57,0.00033,1.5,0.000553,1.63,0.764,0.866
STAD,KCNT2,PASD1,1.52,7.26E-06,1.18,0.00376,1.17,0.609,0.561
STAD,KCTD1,SYT3,1.5,2.31E-05,1.1,0.00429,1.292,0.64,0.652
STAD,KCTD1,TTYH2,1.55,3.95E-06,1.2,0.00049,1.621,0.764,0.857
STAD,KLHDC8A,LCE2D,1.8,7.49E-05,1.59,0.00535,1.418,0.547,0.871
STAD,KLHL41,LCN1,1.67,1.93E-08,1.38,0.000477,1.433,0.757,0.675
STAD,KLHL41,PASD1,1.52,3.07E-06,1.22,0.00163,1.235,0.684,0.551
STAD,KPNA7,NKAIN2,1.58,6.64E-06,1.2,0.00192,1.38,0.718,0.662
STAD,KPNA7,PTCHD4,1.55,2.34E-06,1.26,0.000178,1.669,0.794,0.874
STAD,LAMA2,LCE2B,2.21,0.00128,1.97,0.00275,1.85,0.62,1.23
STAD,LAMA2,RND1,1.57,1.50E-06,1.22,0.00173,1.35,0.674,0.676
STAD,LAMP5,LCE2B,1.66,0.00144,1.6,0.00236,1.66,0.63,1.03
STAD,LAMP5,LCE2D,1.66,0.000847,1.51,0.00173,1.593,0.659,0.934
STAD,LAMP5,RND1,1.57,3.85E-07,1.26,0.000833,1.399,0.735,0.664
STAD,LBP,LCE2B,1.61,0.00322,1.49,0.00908,1.505,0.484,1.021
STAD,LBP,MAGEL2,1.51,6.80E-06,1.13,0.00711,1.12,0.543,0.577
STAD,LBP,RAB9B,1.56,1.45E-06,1.22,0.00209,1.268,0.574,0.694
STAD,LCE2B,LIMD2,1.93,0.000406,1.75,0.00797,1.574,1.075,0.499
STAD,LCE2B,LIN7A,1.72,0.00111,1.63,0.00362,1.644,1.053,0.591
STAD,LCE2B,LRRIQ1,1.57,0.00334,1.48,0.0055,1.56,1.016,0.544
STAD,LCE2B,MAP1LC3C,1.6,0.00215,1.54,0.00302,1.628,1.021,0.607
STAD,LCE2B,MAP2,2.04,0.0011,1.85,0.00415,1.748,1.171,0.577
STAD,LCE2B,MBOAT4,1.64,0.00111,1.55,0.00583,1.531,0.992,0.54
STAD,LCE2B,MC5R,1.68,0.000955,1.58,0.00602,1.53,0.994,0.536
STAD,LCE2B,MEI4,1.87,0.000233,1.82,0.000748,1.802,1.071,0.731
STAD,LCE2B,MPO,1.54,0.00823,1.43,0.00765,1.564,1.057,0.507
STAD,LCE2B,MRGPRF,1.7,0.0252,1.57,0.00468,1.762,1.199,0.563
STAD,LCE2B,MROH2B,2.01,0.000229,1.83,0.00501,1.632,1.08,0.551
STAD,LCE2B,MYH1,1.71,0.000567,1.63,0.00367,1.586,0.998,0.588
STAD,LCE2B,MYL10,1.57,0.0219,1.45,0.00633,1.665,1.139,0.526
STAD,LCE2B,MYO1H,1.6,0.0037,1.47,0.0101,1.493,1.022,0.471
STAD,LCE2B,NAALAD2,1.68,0.0038,1.55,0.00729,1.59,1.08,0.51
STAD,LCE2B,NFE4,1.83,0.000299,1.71,0.00459,1.59,1.025,0.564
STAD,LCE2B,NKAIN2,1.71,0.000965,1.57,0.00997,1.471,0.997,0.474
STAD,LCE2B,NKAIN3,1.64,0.00547,1.5,0.0099,1.532,1.061,0.472
STAD,LCE2B,NKAIN4,1.67,0.00168,1.58,0.00408,1.606,1.029,0.576
STAD,LCE2B,NT5E,2.45,6.81E-06,2.18,0.00107,1.86,1.156,0.703
STAD,LCE2B,OLFML2B,1.52,0.00805,1.53,0.000465,1.887,1.114,0.772
STAD,LCE2B,OLR1,1.53,0.00857,1.42,0.00783,1.551,1.05,0.501
STAD,LCE2B,ONECUT1,1.68,0.000842,1.59,0.00536,1.547,0.998,0.549
STAD,LCE2B,OTX2,1.76,0.000573,1.63,0.00796,1.46,0.959,0.5
STAD,LCE2B,PAPPA,2.73,5.27E-06,2.32,0.00126,1.883,1.196,0.687
STAD,LCE2B,PAPPA2,1.6,0.00108,1.49,0.0101,1.431,0.953,0.478
STAD,LCE2B,PCDHAC1,1.86,0.000507,1.73,0.00443,1.648,1.078,0.569
STAD,LCE2B,PCDHB2,1.72,0.0015,1.68,0.00111,1.78,1.084,0.696
STAD,LCE2B,PCDHGA10,1.95,0.00355,1.81,0.002,1.863,1.212,0.651
STAD,LCE2B,PDE6G,1.89,0.000264,1.72,0.00902,1.527,1.041,0.487
STAD,LCE2B,PDGFRL,2.35,7.76E-05,2.04,0.00484,1.71,1.154,0.557
STAD,LCE2B,PDK4,2.29,0.00705,2.1,0.000305,2.23,1.4,0.83
STAD,LCE2B,PEG10,1.67,0.00391,1.55,0.006,1.6,1.068,0.532
STAD,LCE2B,PF4V1,1.68,0.00211,1.55,0.00869,1.535,1.043,0.492
STAD,LCE2B,PHYHIP,1.74,0.00554,1.6,0.00637,1.646,1.119,0.527
STAD,LCE2B,PI15,1.68,0.000955,1.58,0.0056,1.537,0.993,0.544
STAD,LCE2B,PKD1L1,1.71,0.0025,1.62,0.00311,1.693,1.088,0.605
STAD,LCE2B,PLPPR4,2.04,0.00097,1.86,0.00289,1.799,1.183,0.615
STAD,LCE2B,PNMA2,2.7,0.000158,2.27,0.00206,1.967,1.301,0.665
STAD,LCE2B,POU6F2,1.59,0.0011,1.55,0.00224,1.602,0.964,0.638
STAD,LCE2B,PPM1E,1.79,0.000763,1.68,0.00364,1.649,1.061,0.589
STAD,LCE2B,PRAMEF18,1.56,0.0217,1.45,0.00664,1.586,1.066,0.521
STAD,LCE2B,PRSS1,1.52,0.00988,1.39,0.0104,1.51,1.044,0.466
STAD,LCE2B,PRSS21,2.52,0.000462,2.13,0.00468,1.793,1.226,0.568
STAD,LCE2B,PTGFR,1.76,0.00409,1.65,0.00321,1.724,1.126,0.598
STAD,LCE2B,RAMP1,1.97,0.00352,1.8,0.00331,1.79,1.193,0.597
STAD,LCE2B,RET,1.66,0.0151,1.53,0.006,1.689,1.155,0.534
STAD,LCE2B,RGS1,2.5,0.000314,2.17,0.00172,1.936,1.265,0.671
STAD,LCE2B,RGS2,3.04,0.000138,2.49,0.000557,2.131,1.358,0.773
STAD,LCE2B,RGS4,2.35,0.000235,2.05,0.00354,1.787,1.195,0.592
STAD,LCE2B,RLN1,1.84,0.000303,1.71,0.00554,1.574,1.03,0.545
STAD,LCE2B,RNF180,1.51,0.0285,1.39,0.00709,1.646,1.132,0.514
STAD,LCE2B,RTN4RL2,1.68,0.000911,1.58,0.00613,1.532,0.998,0.534
STAD,LCE2B,S100A12,1.79,0.00474,1.63,0.00797,1.616,1.117,0.498
STAD,LCE2B,S100Z,2.02,0.000254,1.91,0.000912,1.852,1.138,0.714
STAD,LCE2B,SCTR,1.66,0.00581,1.59,0.00209,1.75,1.11,0.64
STAD,LCE2B,SELE,1.61,0.00405,1.54,0.00286,1.682,1.069,0.613
STAD,LCE2B,SERPINE1,1.57,0.000295,1.71,1.75E-05,1.961,0.956,1.005
STAD,LCE2B,SHOX2,1.65,0.00169,1.58,0.00279,1.644,1.028,0.616
STAD,LCE2B,SLC16A7,1.78,0.0195,1.63,0.00497,1.78,1.219,0.561
STAD,LCE2B,SLC2A3,1.92,0.000117,1.9,0.000234,1.929,1.101,0.828
STAD,LCE2B,SLC7A2,2.06,0.00103,1.85,0.00477,1.718,1.16,0.558
STAD,LCE2B,SLITRK2,1.63,0.00217,1.54,0.00517,1.583,1.032,0.551
STAD,LCE2B,SMIM10L2A,1.56,0.00668,1.46,0.00594,1.593,1.057,0.535
STAD,LCE2B,SNCG,2.35,1.30E-05,2.12,0.00107,1.83,1.13,0.7
STAD,LCE2B,SORCS2,1.68,0.00101,1.65,0.00119,1.744,1.046,0.698
STAD,LCE2B,SOX5,1.81,0.00222,1.75,0.000861,1.875,1.155,0.721
STAD,LCE2B,SPANXB1,1.59,0.0161,1.52,0.00455,1.613,1.027,0.586
STAD,LCE2B,SPINK14,1.63,0.00763,1.54,0.0037,1.692,1.108,0.584
STAD,LCE2B,SSBP2,2.76,0.00059,2.29,0.00252,1.943,1.305,0.639
STAD,LCE2B,STC1,2.25,0.00337,2,0.00252,1.915,1.279,0.636
STAD,LCE2B,STK32A,1.84,0.000699,1.79,0.000668,1.85,1.11,0.74
STAD,LCE2B,SYT14,1.67,0.000763,1.68,0.000424,1.82,1.04,0.78
STAD,LCE2B,SYT9,1.66,0.00215,1.54,0.0075,1.535,1.028,0.507
STAD,LCE2B,TAL2,1.68,0.00298,1.59,0.00386,1.661,1.079,0.582
STAD,LCE2B,TBX18,1.65,0.00223,1.63,0.000809,1.817,1.088,0.729
STAD,LCE2B,TCEAL7,1.71,0.00577,1.72,0.00019,2.05,1.21,0.84
STAD,LCE2B,TDRD10,1.72,0.00159,1.58,0.00896,1.521,1.037,0.484
STAD,LCE2B,TDRP,1.53,0.00659,1.57,0.000242,1.94,1.12,0.82
STAD,LCE2B,TENM3,1.67,0.00169,1.58,0.00407,1.62,1.04,0.58
STAD,LCE2B,TFAP2B,1.59,0.0037,1.47,0.00896,1.497,1.009,0.488
STAD,LCE2B,TFPI,1.72,0.00244,1.62,0.00373,1.67,1.085,0.586
STAD,LCE2B,TFPI2,1.95,0.000446,1.84,0.00138,1.806,1.127,0.679
STAD,LCE2B,THBS1,2.24,0.00103,2,0.00222,1.893,1.247,0.646
STAD,LCE2B,THEG,1.56,0.00311,1.5,0.00342,1.609,1.013,0.596
STAD,LCE2B,THPO,1.61,0.00116,1.55,0.00321,1.581,0.977,0.604
STAD,LCE2B,THSD7A,2.23,0.000432,1.98,0.00348,1.781,1.187,0.594
STAD,LCE2B,TIMD4,1.86,0.00311,1.69,0.00637,1.68,1.15,0.53
STAD,LCE2B,TMEM132E,1.58,0.0117,1.46,0.00707,1.607,1.094,0.512
STAD,LCE2B,TMEM88,2.25,0.00103,2,0.00264,1.84,1.219,0.621
STAD,LCE2B,TMSB15A,1.61,0.00674,1.56,0.00169,1.778,1.117,0.661
STAD,LCE2B,TUBA1A,1.65,0.0165,1.51,0.00748,1.643,1.137,0.506
STAD,LCE2B,TUBB4A,1.52,0.00472,1.43,0.00588,1.545,1.007,0.538
STAD,LCE2B,UBE2QL1,2.05,0.000739,1.9,0.00171,1.846,1.183,0.662
STAD,LCE2B,USP51,2.15,0.0019,1.9,0.00561,1.755,1.209,0.546
STAD,LCE2B,VGLL3,1.53,0.00785,1.43,0.00625,1.59,1.059,0.531
STAD,LCE2B,VIPR2,1.59,0.0333,1.5,0.00284,1.818,1.203,0.615
STAD,LCE2B,VWA5B1,1.85,0.000187,1.76,0.00248,1.625,1.003,0.622
STAD,LCE2B,WNT10B,1.68,0.00059,1.56,0.00911,1.452,0.961,0.49
STAD,LCE2B,WNT16,1.86,0.000642,1.7,0.00724,1.578,1.067,0.512
STAD,LCE2B,YPEL4,1.64,0.000567,1.63,0.000897,1.706,0.983,0.723
STAD,LCE2B,ZEB1,1.79,0.0174,1.65,0.00405,1.792,1.213,0.578
STAD,LCE2B,ZNF423,1.57,0.00674,1.56,0.00073,1.845,1.113,0.732
STAD,LCE2D,LCN1,1.6,0.000277,1.43,0.00558,1.355,0.808,0.547
STAD,LCE2D,LMOD3,1.58,0.00112,1.42,0.00329,1.475,0.877,0.597
STAD,LCE2D,MAB21L2,1.75,0.000405,1.6,0.00113,1.646,0.948,0.697
STAD,LCE2D,MAP6,1.53,0.00691,1.37,0.00262,1.592,0.971,0.621
STAD,LCE2D,MAP7D2,1.71,0.000203,1.5,0.00695,1.373,0.855,0.518
STAD,LCE2D,MATN3,1.54,0.00094,1.45,0.00078,1.614,0.884,0.73
STAD,LCE2D,MC5R,1.57,0.000645,1.39,0.00641,1.355,0.825,0.529
STAD,LCE2D,MEI4,1.73,0.000179,1.62,0.000679,1.658,0.92,0.739
STAD,LCE2D,MEOX2,1.52,0.00576,1.33,0.00474,1.488,0.929,0.558
STAD,LCE2D,MFAP4,1.58,0.031,1.37,0.00349,1.671,1.07,0.601
STAD,LCE2D,MRGPRF,1.85,0.0027,1.6,0.00419,1.602,1.025,0.577
STAD,LCE2D,MYH4,1.52,0.00125,1.36,0.00449,1.41,0.843,0.567
STAD,LCE2D,MYL10,2.57,8.43E-06,2.07,0.00437,1.615,1.04,0.575
STAD,LCE2D,NCAM2,1.71,0.000497,1.52,0.00426,1.483,0.911,0.571
STAD,LCE2D,NDN,1.63,0.0095,1.4,0.00644,1.52,0.993,0.527
STAD,LCE2D,NKAIN2,1.57,0.000831,1.36,0.0109,1.285,0.822,0.463
STAD,LCE2D,NKAIN3,1.56,0.00233,1.34,0.0107,1.337,0.875,0.462
STAD,LCE2D,NME5,1.51,0.0123,1.36,0.00166,1.676,1.01,0.666
STAD,LCE2D,NOV,1.89,0.000251,1.66,0.00373,1.548,0.962,0.586
STAD,LCE2D,NPAS3,1.53,0.00117,1.42,0.00127,1.56,0.871,0.688
STAD,LCE2D,NPY1R,1.59,0.000741,1.42,0.00439,1.427,0.858,0.569
STAD,LCE2D,NT5E,1.8,0.000291,1.64,0.00108,1.665,0.962,0.702
STAD,LCE2D,NTN1,1.61,0.00203,1.41,0.00594,1.443,0.91,0.534
STAD,LCE2D,NUDT10,1.69,0.000715,1.53,0.00178,1.591,0.935,0.656
STAD,LCE2D,NUDT11,1.58,0.000281,1.47,0.00161,1.496,0.825,0.671
STAD,LCE2D,OR2W3,1.5,0.00358,1.34,0.00364,1.475,0.891,0.584
STAD,LCE2D,PAPPA,1.62,0.000648,1.48,0.00212,1.512,0.876,0.635
STAD,LCE2D,PCDHGA10,1.86,0.00103,1.65,0.00183,1.69,1.03,0.66
STAD,LCE2D,PCDHGA4,1.56,0.00252,1.39,0.00391,1.487,0.908,0.579
STAD,LCE2D,PDE2A,1.64,0.00336,1.49,0.00143,1.68,1,0.68
STAD,LCE2D,PDGFRL,1.64,0.00108,1.43,0.00676,1.406,0.888,0.518
STAD,LCE2D,PDK4,1.57,0.00366,1.47,0.00053,1.777,1.011,0.766
STAD,LCE2D,PF4V1,1.52,0.00298,1.31,0.00858,1.372,0.879,0.493
STAD,LCE2D,PHYHIP,1.51,0.0105,1.31,0.00591,1.49,0.954,0.536
STAD,LCE2D,PPP1R1C,1.53,0.0013,1.36,0.00501,1.398,0.842,0.555
STAD,LCE2D,PRAMEF18,1.88,0.0011,1.63,0.00578,1.462,0.925,0.537
STAD,LCE2D,PRKD1,1.88,0.000126,1.72,0.00065,1.732,0.986,0.747
STAD,LCE2D,PRSS1,1.63,0.00138,1.4,0.0101,1.353,0.884,0.47
STAD,LCE2D,PRSS21,1.74,0.00476,1.51,0.00469,1.582,1.015,0.566
STAD,LCE2D,PRTG,1.51,0.00102,1.5,7.92E-05,1.85,0.942,0.908
STAD,LCE2D,PTGER3,1.58,0.00136,1.4,0.0051,1.44,0.887,0.552
STAD,LCE2D,RAMP1,2.71,2.26E-06,2.17,0.00251,1.691,1.059,0.631
STAD,LCE2D,RBPMS2,1.6,0.00226,1.39,0.00769,1.411,0.908,0.502
STAD,LCE2D,RERG,1.56,0.000672,1.43,0.00232,1.484,0.851,0.633
STAD,LCE2D,RET,2.13,0.000304,1.8,0.00447,1.606,1.034,0.572
STAD,LCE2D,RGS4,1.63,0.000666,1.43,0.00639,1.39,0.863,0.527
STAD,LCE2D,RLN1,1.51,0.00177,1.33,0.00612,1.381,0.846,0.535
STAD,LCE2D,RTN4RL2,1.84,9.59E-05,1.62,0.00464,1.464,0.902,0.562
STAD,LCE2D,RXRG,1.74,9.25E-05,1.62,0.000811,1.601,0.878,0.723
STAD,LCE2D,SLC16A7,1.79,0.00395,1.55,0.00456,1.603,1.032,0.571
STAD,LCE2D,SLC22A17,1.68,0.00112,1.48,0.00467,1.487,0.927,0.56
STAD,LCE2D,SLC7A2,1.68,0.000443,1.47,0.00737,1.38,0.871,0.509
STAD,LCE2D,SLITRK2,1.61,0.00064,1.43,0.00522,1.417,0.866,0.55
STAD,LCE2D,SOX7,1.9,0.000386,1.68,0.00226,1.63,0.993,0.637
STAD,LCE2D,SPANXB1,1.75,0.000967,1.57,0.00511,1.413,0.84,0.573
STAD,LCE2D,SPINK14,1.74,0.00125,1.54,0.00313,1.569,0.966,0.603
STAD,LCE2D,ST8SIA6,1.56,0.00178,1.43,0.00165,1.581,0.917,0.664
STAD,LCE2D,STK32A,1.68,0.000317,1.57,0.000757,1.635,0.905,0.73
STAD,LCE2D,TBX18,1.63,0.000798,1.53,0.000703,1.685,0.944,0.741
STAD,LCE2D,THBS1,1.52,0.00795,1.35,0.00281,1.595,0.978,0.617
STAD,LCE2D,TMEM132E,1.64,0.00196,1.42,0.00724,1.423,0.912,0.51
STAD,LCE2D,TTC29,1.68,0.000201,1.56,0.00128,1.557,0.872,0.686
STAD,LCE2D,TUBA1A,1.55,0.00584,1.33,0.00863,1.408,0.92,0.489
STAD,LCE2D,TUBB4A,1.51,0.00109,1.33,0.00678,1.343,0.819,0.524
STAD,LCE2D,VGLL3,1.65,0.000892,1.45,0.00587,1.44,0.902,0.538
STAD,LCE2D,VWA5B1,1.85,6.34E-05,1.67,0.00211,1.518,0.882,0.636
STAD,LCE2D,WDR17,1.71,0.000144,1.49,0.01,1.312,0.837,0.475
STAD,LCE2D,WISP2,1.53,0.00153,1.34,0.00751,1.362,0.852,0.511
STAD,LCE2D,WNT10B,1.52,0.00168,1.33,0.00799,1.345,0.841,0.503
STAD,LCE2D,WNT7A,1.61,0.000386,1.44,0.00463,1.4,0.834,0.566
STAD,LCE2D,YPEL4,1.52,0.000673,1.43,0.000843,1.569,0.843,0.727
STAD,LCE2D,ZNF662,1.72,0.00115,1.56,0.00147,1.66,0.983,0.677
STAD,LCN1,SORCS2,1.54,2.38E-07,1.28,0.000269,1.523,0.71,0.813
STAD,LIMS2,PASD1,1.54,4.98E-06,1.24,0.000706,1.39,0.76,0.63
STAD,LMOD3,RTN4RL2,1.74,1.90E-08,1.39,0.00106,1.4,0.72,0.68
STAD,LMOD3,TMEM37,1.52,7.59E-06,1.16,0.0022,1.318,0.71,0.608
STAD,LRFN1,TFAP2B,1.53,2.70E-06,1.19,0.00136,1.388,0.742,0.647
STAD,LRRC17,PASD1,1.5,4.42E-06,1.19,0.00195,1.224,0.668,0.556
STAD,MAB21L2,PASD1,1.52,3.47E-06,1.22,0.00138,1.278,0.702,0.575
STAD,MAB21L2,PRR9,1.64,8.31E-07,1.39,0.000115,1.648,0.826,0.822
STAD,MAGEA11,NT5E,1.61,1.94E-07,1.29,0.000575,1.458,0.668,0.79
STAD,MAGEA3,PRKD1,1.52,2.36E-06,1.21,0.000624,1.442,0.624,0.818
STAD,MAP7D2,WNT10B,1.5,6.27E-06,1.13,0.00553,1.156,0.581,0.575
STAD,MCEMP1,SNCG,1.5,1.38E-06,1.23,0.000577,1.398,0.655,0.744
STAD,MCEMP1,TBX18,1.5,6.31E-07,1.25,0.000268,1.501,0.69,0.811
STAD,MEOX2,PASD1,1.64,1.77E-06,1.26,0.00407,1.209,0.603,0.606
STAD,MEOX2,SPANXB1,1.55,5.04E-05,1.21,0.00227,1.325,0.629,0.696
STAD,MRGPRF,PASD1,1.53,4.19E-05,1.14,0.00471,1.214,0.591,0.623
STAD,MRGPRF,SPANXB1,1.56,9.10E-05,1.21,0.00278,1.32,0.612,0.707
STAD,MRVI1,PRR9,1.52,3.98E-05,1.21,0.000653,1.488,0.683,0.806
STAD,MRVI1,SPANXB1,1.55,5.29E-05,1.21,0.00283,1.295,0.606,0.689
STAD,MYL10,NKX2-3,1.58,2.70E-06,1.17,0.00823,1.125,0.555,0.57
STAD,MYL10,RGS1,1.59,6.79E-07,1.22,0.00386,1.197,0.552,0.645
STAD,NACAD,RND1,1.51,1.22E-06,1.23,0.000367,1.485,0.808,0.677
STAD,NAP1L2,RND1,1.51,3.11E-07,1.26,0.000298,1.45,0.814,0.636
STAD,NFE4,SNCG,1.51,6.71E-07,1.23,0.000984,1.299,0.599,0.7
STAD,NFE4,TF,1.54,2.48E-07,1.26,0.000784,1.337,0.619,0.719
STAD,NLGN4Y,SPANXB1,1.66,1.61E-05,1.32,0.00132,1.452,0.692,0.76
STAD,NOV,OLIG3,1.52,2.73E-05,1.17,0.00281,1.277,0.634,0.644
STAD,NPTX1,PRR9,1.59,2.89E-06,1.29,0.000892,1.387,0.646,0.741
STAD,NPTX1,RND1,1.51,8.15E-06,1.16,0.00127,1.423,0.711,0.712
STAD,NRG3,PASD1,1.53,1.52E-06,1.24,0.00143,1.231,0.7,0.531
STAD,NTN1,RND1,1.58,1.72E-06,1.21,0.003,1.267,0.619,0.648
STAD,NTN1,SPANXB1,1.62,9.93E-06,1.27,0.00361,1.233,0.578,0.655
STAD,NUDT10,PASD1,1.62,6.39E-07,1.29,0.00213,1.234,0.663,0.571
STAD,OGN,SPANXB1,1.5,7.88E-05,1.19,0.0016,1.342,0.66,0.682
STAD,ONECUT1,PRAMEF18,1.51,9.80E-06,1.15,0.00601,1.106,0.578,0.527
STAD,PAPPA,RPS4Y2,1.62,5.58E-08,1.33,0.000744,1.365,0.697,0.668
STAD,PAPPA2,SERPINE1,1.56,3.62E-09,1.42,1.48E-05,1.585,0.546,1.039
STAD,PASD1,PCYT1B,1.54,6.29E-07,1.28,0.000685,1.284,0.524,0.76
STAD,PASD1,PDE7B,1.51,1.36E-05,1.15,0.00428,1.178,0.583,0.595
STAD,PASD1,PKNOX2,1.53,6.62E-06,1.17,0.00501,1.128,0.551,0.577
STAD,PASD1,PRKD1,1.59,7.54E-07,1.3,0.000553,1.418,0.635,0.783
STAD,PASD1,RGS4,1.72,7.09E-07,1.33,0.00279,1.296,0.65,0.646
STAD,PASD1,RIMS2,1.61,1.49E-06,1.26,0.00275,1.229,0.589,0.64
STAD,PASD1,RXRG,1.55,9.23E-07,1.27,0.00105,1.256,0.533,0.723
STAD,PASD1,SNCG,1.54,9.83E-06,1.24,0.000581,1.443,0.662,0.78
STAD,PASD1,SOX7,1.6,7.82E-06,1.25,0.00126,1.414,0.689,0.725
STAD,PASD1,ST8SIA6,1.5,6.84E-06,1.19,0.0015,1.285,0.591,0.695
STAD,PASD1,THPO,1.52,3.00E-06,1.2,0.00294,1.173,0.541,0.631
STAD,PASD1,THSD7A,1.63,1.30E-06,1.26,0.00401,1.202,0.599,0.602
STAD,PASD1,UBE2QL1,1.73,2.55E-07,1.38,0.000855,1.45,0.695,0.756
STAD,PASD1,WDR17,1.54,5.83E-06,1.15,0.0113,1.011,0.524,0.488
STAD,PASD1,ZFHX4,1.51,1.07E-05,1.16,0.00448,1.152,0.559,0.593
STAD,PCDHB5,RND1,1.56,4.25E-06,1.22,0.000722,1.504,0.765,0.739
STAD,PCDHGA4,TFAP2B,1.64,1.16E-06,1.26,0.00217,1.337,0.694,0.643
STAD,PDE1B,PRR9,1.57,2.98E-07,1.38,7.10E-05,1.6,0.851,0.749
STAD,PITX2,TIMD4,1.64,3.61E-07,1.27,0.00344,1.228,0.664,0.564
STAD,PLCXD3,PRR9,1.51,6.74E-06,1.25,0.000356,1.46,0.722,0.738
STAD,PNMA2,PRR9,1.53,8.65E-06,1.24,0.000487,1.513,0.717,0.796
STAD,PRKD1,PRR9,1.52,2.88E-06,1.3,0.000117,1.602,0.82,0.782
STAD,PRR9,SLC16A7,1.67,4.42E-06,1.33,0.000654,1.527,0.835,0.692
STAD,PRR9,SNCA,1.54,2.84E-06,1.31,0.00011,1.632,0.803,0.828
STAD,PRR9,ST8SIA6,1.6,8.64E-07,1.34,0.000307,1.487,0.748,0.739
STAD,PRR9,THSD7A,1.57,9.16E-06,1.26,0.000641,1.465,0.784,0.681
STAD,PRR9,TMEM132E,1.56,1.84E-05,1.23,0.00108,1.401,0.772,0.629
STAD,PRR9,TMEM88,1.66,3.62E-06,1.35,0.000414,1.539,0.814,0.724
STAD,PRR9,VIPR2,1.52,2.49E-05,1.23,0.000478,1.508,0.799,0.709
STAD,PRR9,VSTM2L,1.53,1.18E-05,1.28,0.000141,1.649,0.833,0.816
STAD,PRR9,ZFP92,1.51,1.16E-05,1.18,0.00256,1.224,0.691,0.533
STAD,PRSS1,UGT2B4,1.55,3.92E-06,1.15,0.00805,1.112,0.524,0.588
STAD,PWP2,TTC29,1.54,4.83E-09,1.39,7.64E-05,1.51,0.816,0.694
STAD,RARA,TFAP2B,1.52,6.60E-06,1.15,0.00466,1.174,0.613,0.56
STAD,RND1,SVEP1,1.51,2.07E-06,1.2,0.000566,1.494,0.717,0.777
STAD,SLITRK3,SPANXB1,1.51,0.000102,1.14,0.007,1.132,0.503,0.629
STAD,SPANXB1,STEAP4,1.6,4.37E-06,1.28,0.00312,1.201,0.608,0.593
STAD,SPANXB1,THSD7A,1.5,4.59E-05,1.17,0.00367,1.208,0.632,0.576
STAD,STX1A,WNT16,1.52,4.68E-06,1.13,0.00722,1.123,0.569,0.554
STAD,TDO2,UGT2B4,1.58,1.41E-06,1.18,0.00812,1.113,0.524,0.589
STAD,TDO2,ZNF883,1.59,2.88E-08,1.38,2.41E-05,1.698,0.656,1.042
STAD,TMEM37,TTC29,1.74,1.46E-08,1.4,0.000899,1.38,0.599,0.781
